question,answer
"Как часто нужно обрабатывать свежий пирсинг?,""Обрабатывать пирсинг необходимо 2-3 раза в день в течение всего срока заживления. Более частая обработка может пересушить кожу и замедлить регенерацию."""
"Чем правильно очищать место прокола?,""Для очистки используйте стерильный солевой раствор (физиологический 0.9% или специальный раствор для пирсинга). Можно применять мягкое антибактериальное мыло без отдушин, но солевой раствор предпочтительнее."""
"Каким раствором промывать пирсинг?,""Оптимальным средством является стерильный изотонический (0.9%) солевой раствор. Избегайте спирта, перекиси водорода и мазей на жировой основе на ранних стадиях заживления."""
"Можно ли использовать перекись водорода для обработки?,""Нет, перекись водорода использовать не рекомендуется. Она агрессивно разрушает не только бактерии, но и новые клетки кожи, что сильно замедляет заживление и может вызвать раздражение."""
"Что такое лимфа (сукровица) и нормально ли ее появление?,""Прозрачная или слегка белесая жидкость (лимфа) — это нормальная часть процесса заживления. Она образует корки (""""корочки""""). Не нужно сдирать их, они отойдут сами во время следующей обработки."""
"На проколе образовалась корочка. Что делать?,""Это нормально. Не сдирайте корочку насильно. Размочите ее аккуратным промыванием солевым раствором, после чего осторожно промокните одноразовой салфеткой. Она должна отойти сама."""
"Пирсинг покраснел и болит. Это инфекция?,""Не обязательно. Легкое покраснение, отечность и умеренная болезненность в первые несколько дней — это нормальная воспалительная реакция организма. Тревожные признаки инфекции: сильная пульсирующая боль, густой желтый или зеленый гной, повышение температуры."""
"Как отличить нормальное заживление от инфекции?,""При нормальном заживлении возможны: легкое покраснение, небольшая отечность, зуд, выделение прозрачной лимфы. Признаки инфекции: усиливающаяся боль, горячая на ощупь кожа, густые желто-зеленые выделения с неприятным запахом, красные """"полосы"""" от места прокола."""
"Можно ли трогать пирсинг руками?,""Старайтесь не трогать пирсинг без необходимости. Перед любым контактом (например, перед обработкой) необходимо тщательно вымыть руки с мылом. Не крутите и не двигайте украшение без причин."""
"Нужно ли прокручивать украшение во время заживления?,""Нет, современные рекомендации запрещают прокручивать украшение. Это травмирует формирующийся канал и заносит бактерии. Катественное украшение из хирургической стали или титана не прирастет."""
"Когда можно менять украшение на новое?,""Менять украшение можно только после полного заживления канала. Сроки варьируются: мочка уха — 1.5-2 месяца, ноздря — 3-6 месяцев, пупок — 6-9 месяцев и более. Первую смену лучше сделать у мастера."""
"Что нельзя делать во время заживления пирсинга?,""Запрещено: посещать бани, сауны, бассейны и открытые водоемы; наносить на прокол косметику (тональный крем, пудру); допускать трение об одежду или травмирование (во время сна, переодевания); употреблять алкоголь и острую пищу в первые дни (для пирсинга губ/языка)."""
"Как мыться с новым пирсингом?,""Принимать душ можно. В конце душа аккуратно промойте место прокола струей теплой воды, затем обработайте солевым раствором. После мытья промокните насухо одноразовой салфеткой. Ванны, особенно с пеной, не рекомендуются."""
"Сколько времени заживает прокол в носу?,""Первичное заживление (исчезновение болезненности и отека) занимает 2-4 недели. Однако полное формирование стабильного канала (когда можно без риска менять украшение) длится от 3 до 6 месяцев, а иногда и дольше."""
"Что делать, если в ранку попала грязь?,""Немедленно и тщательно промойте место прокола стерильным солевым раствором. Не трите, не давите. После промывания обработайте как обычно. Если появились признаки воспаления, обратитесь к мастеру или врачу."""
